"id","created_at","code","problem_id","user_id","is_false","time_spent","language_id"
1,2021-04-17 17:18:06.000,Molestias quia saepe dolore asperiores est voluptatem cupiditate. Occaecati quam earum nisi sequi.,30,20,1,,3
2,2021-04-04 06:13:37.000,Delectus sunt quam et. Et et eos laboriosam nihil. Reprehenderit a voluptatem pariatur nisi omnis. Perferendis numquam eaque asperiores in voluptate eius quaerat.,9,8,1,,3
3,2021-04-07 18:29:31.000,Sint doloremque unde eveniet quia animi. Saepe in qui enim delectus repellat quam. Assumenda perspiciatis ex laboriosam at.,1,1,1,,3
4,2021-03-29 01:38:18.000,Veniam et amet temporibus nihil et ea qui. Dolore blanditiis aut sequi cum officiis quisquam. Sequi deserunt dolor enim est dolore eveniet.,11,20,1,,3
5,2021-04-13 17:44:10.000,Distinctio est quos commodi. Exercitationem sed qui provident et possimus eum qui. Occaecati quibusdam magnam earum facilis nam dolorum. Aliquid quaerat ipsum illum voluptatum ut deserunt sint.,13,12,1,,3
6,2021-04-15 11:00:52.000,Commodi ut molestiae aut est. Enim optio voluptate tempora corrupti maxime. Aspernatur et ducimus dolore ipsam. Magni veniam vel asperiores maxime.,20,2,1,,3
7,2021-04-09 09:02:53.000,At sint sit in distinctio quia aut suscipit. Dolor in culpa soluta. Corrupti sit autem quae.,27,14,1,,3
8,2021-04-06 19:46:14.000,Ullam eligendi debitis assumenda est asperiores. Quia totam sit quasi sit. Aut delectus sapiente excepturi modi mollitia quaerat reiciendis facilis. Qui et sint voluptatem accusantium vel ipsum.,24,9,1,,3
9,2021-04-07 13:21:24.000,Cupiditate nam laudantium enim reiciendis. Similique saepe distinctio sed provident. Est facere est veniam autem iure dolore aut architecto. Sed enim omnis quis quasi fugit culpa.,2,16,1,,3
10,2021-04-18 07:05:26.000,Dolorem et ab omnis sapiente. Excepturi maxime dolores odio autem ut. Animi consequatur accusamus quia quia. Eos unde provident voluptatibus non quo eligendi aperiam inventore.,1,5,1,,3
